,edad,ingresos,ratio_deuda_ingresos,antiguedad_cuenta_meses,numero_productos,saldo_promedio,dias_ultima_transaccion,antiguedad_direccion_meses,visitas_web_ultimos_90_dias,distancia_sucursal_km,dia_preferido_pago,dias_ultima_interaccion,tiene_tarjeta_credito,activo_movil,es_nuevo_cliente,tiene_prestamo,tiene_seguro
edad,1.0,-0.006966415196027795,-0.003372464663888953,0.005090038508625151,-0.005080490895373999,0.007020482275227577,0.001903389033271656,-0.010946907409331014,-0.0033069371305927265,0.010729554360968839,-0.00015304253979091936,0.0010325698747246125,0.0072191673487523485,0.024426318899763697,0.0019119924681044518,-0.004400574177227359,0.007742506825329561
ingresos,-0.006966415196027795,1.0,0.0012323635963456766,0.003015530383725701,0.0015927803722005382,0.00841861462497556,0.007289732380843339,0.006018627234944146,-0.00695675864988376,-0.017802955608236613,-0.0073530130234508405,0.0037594784261586055,-0.011933183132337788,0.0011561678463102713,0.0010650243658656944,0.0073560712731961094,4.551113902031038e-05
ratio_deuda_ingresos,-0.003372464663888953,0.0012323635963456766,1.0,0.013665849005332086,-0.0016527813634677083,0.007085704941408856,0.008761884046088117,0.003064019706187637,0.011083435257113038,0.004036811089642284,0.009985930064315217,0.0025220472653715146,0.018242245805538338,-0.020751191038357087,0.005554017662360129,-0.00997710272532031,0.003662175042363058
antiguedad_cuenta_meses,0.005090038508625151,0.003015530383725701,0.013665849005332086,1.0,0.00937070652414082,-0.006682385878270489,-0.0015962008059434692,-0.0029069978357021352,0.0027485372231274108,0.014059211573808685,-0.004391991641104936,-0.005458809626008858,-0.004982919896027242,0.011140996122805936,-0.007421237749496477,0.01197435602731684,0.0015887659480415327
numero_productos,-0.005080490895373999,0.0015927803722005382,-0.0016527813634677083,0.00937070652414082,1.0,0.021027407656920384,-0.013141494740824168,0.0032615364434536785,0.008313917267258355,-0.009802044657704047,-0.006458099507930322,-0.013335719824413781,-0.020966111096887792,-0.015942281235086245,0.002192960265280908,-0.0021028354531028325,0.0017237049289003223
saldo_promedio,0.007020482275227577,0.00841861462497556,0.007085704941408856,-0.006682385878270489,0.021027407656920384,1.0,0.0022984703805110362,0.008708347060995403,-0.00035663984730430057,-0.003956478445327057,0.008295695144240792,0.00039684362556128856,0.004338911866062123,0.0019458701682031705,-0.009003986653778613,-0.00839664818361066,-0.010242528325283473
dias_ultima_transaccion,0.001903389033271656,0.007289732380843339,0.008761884046088117,-0.0015962008059434692,-0.013141494740824168,0.0022984703805110362,1.0,-0.011319385215816291,0.0012043614149028718,0.0002757123890171282,-0.0032865435233890984,0.5530646178054442,0.011739963778818915,-0.003843676045341453,-0.008529941412057191,0.011810707323306892,-0.001815978165639838
antiguedad_direccion_meses,-0.010946907409331014,0.006018627234944146,0.003064019706187637,-0.0029069978357021352,0.0032615364434536785,0.008708347060995403,-0.011319385215816291,1.0,-0.0007246906403368241,-0.0016229635876795355,-0.0031501482089582506,-0.004620334427391385,0.01254663177278211,-0.0013831815191015673,-0.005822861519260488,-0.024236724014256163,0.0028391204045191774
visitas_web_ultimos_90_dias,-0.0033069371305927265,-0.00695675864988376,0.011083435257113038,0.0027485372231274108,0.008313917267258355,-0.00035663984730430057,0.0012043614149028718,-0.0007246906403368241,1.0,-0.007493449607292782,0.009030992971011561,0.0011935385392092446,0.006927344534802636,-0.01311999174812142,-0.005802229008245925,-0.0035073648539095206,-0.003416103757389222
distancia_sucursal_km,0.010729554360968839,-0.017802955608236613,0.004036811089642284,0.014059211573808685,-0.009802044657704047,-0.003956478445327057,0.0002757123890171282,-0.0016229635876795355,-0.007493449607292782,1.0,0.00707818765570921,-0.0033679520772711678,0.002346812985917746,-0.005779767786745655,0.0016456796444312906,0.011263295338606377,0.00393470306723552
dia_preferido_pago,-0.00015304253979091936,-0.0073530130234508405,0.009985930064315217,-0.004391991641104936,-0.006458099507930322,0.008295695144240792,-0.0032865435233890984,-0.0031501482089582506,0.009030992971011561,0.00707818765570921,1.0,-0.007160069987917222,-0.0023486830238299947,0.014283798753371152,0.0019339787330336854,-0.0068356749668371875,0.013562295742706601
dias_ultima_interaccion,0.0010325698747246125,0.0037594784261586055,0.0025220472653715146,-0.005458809626008858,-0.013335719824413781,0.00039684362556128856,0.5530646178054442,-0.004620334427391385,0.0011935385392092446,-0.0033679520772711678,-0.007160069987917222,1.0,0.008422967556204863,0.0005824729932982771,-0.0026779000716644808,0.005175158175641797,-0.001846916007053345
tiene_tarjeta_credito,0.0072191673487523485,-0.011933183132337788,0.018242245805538338,-0.004982919896027242,-0.020966111096887792,0.004338911866062123,0.011739963778818915,0.01254663177278211,0.006927344534802636,0.002346812985917746,-0.0023486830238299947,0.008422967556204863,1.0,-0.01825973013013689,-0.0035531408991908843,0.008132635069533404,-0.0030978320181632595
activo_movil,0.024426318899763697,0.0011561678463102713,-0.020751191038357087,0.011140996122805936,-0.015942281235086245,0.0019458701682031705,-0.003843676045341453,-0.0013831815191015673,-0.01311999174812142,-0.005779767786745655,0.014283798753371152,0.0005824729932982771,-0.01825973013013689,1.0,0.008772968146284406,0.0011422654438678643,0.017473611824435617
es_nuevo_cliente,0.0019119924681044518,0.0010650243658656944,0.005554017662360129,-0.007421237749496477,0.002192960265280908,-0.009003986653778613,-0.008529941412057191,-0.005822861519260488,-0.005802229008245925,0.0016456796444312906,0.0019339787330336854,-0.0026779000716644808,-0.0035531408991908843,0.008772968146284406,1.0,0.005151783245791808,0.007438979718865122
tiene_prestamo,-0.004400574177227359,0.0073560712731961094,-0.00997710272532031,0.01197435602731684,-0.0021028354531028325,-0.00839664818361066,0.011810707323306892,-0.024236724014256163,-0.0035073648539095206,0.011263295338606377,-0.0068356749668371875,0.005175158175641797,0.008132635069533404,0.0011422654438678643,0.005151783245791808,1.0,0.018015468641897233
tiene_seguro,0.007742506825329561,4.551113902031038e-05,0.003662175042363058,0.0015887659480415327,0.0017237049289003223,-0.010242528325283473,-0.001815978165639838,0.0028391204045191774,-0.003416103757389222,0.00393470306723552,0.013562295742706601,-0.001846916007053345,-0.0030978320181632595,0.017473611824435617,0.007438979718865122,0.018015468641897233,1.0
