,count,mean,std,min,1%,5%,25%,50%,75%,95%,99%,max,skew,kurtosis
edad,110100.0,46.358955495004544,14.347644432799822,22.0,22.0,24.0,34.0,46.0,59.0,69.0,71.0,71.0,0.01733498533979901,-1.1898904679920155
ingresos,110100.0,65162.45985007071,21740.994995819234,18000.0,18000.0,28557.464299303843,50148.620538445146,64858.01151715043,79838.14348349467,101190.40107112592,116247.44395612062,145700.07267115777,0.08026014950793828,-0.2388939832235688
ratio_deuda_ingresos,110100.0,0.32942722995377954,0.16685373364691852,0.02,0.0441670141675328,0.0902043372829605,0.2014781215608128,0.3106243708675176,0.4384658968100203,0.6312729020681965,0.7715957204701653,0.95,0.5376694393530479,-0.10284999793986005
antiguedad_cuenta_meses,110100.0,88.89843778383288,51.523654084596394,1.0,2.0,9.0,44.0,88.0,133.0,170.0,178.0,179.0,0.02547805494850756,-1.1935144908725035
numero_productos,110100.0,1.9231062670299728,1.0739681318676304,1.0,1.0,1.0,1.0,2.0,3.0,4.0,5.0,5.0,1.0909692309655803,0.48012183763287375
saldo_promedio,110100.0,26294.24631854432,16035.584958870388,300.0,300.0,300.0,14487.42738604442,25692.02459702651,37264.060443987124,54217.17071502248,65552.5395781979,90000.0,0.30673342012972543,-0.3446032244103385
dias_ultima_transaccion,110100.0,190.24502270663032,104.95074592720522,1.0,4.0,21.0,101.0,194.0,282.0,348.0,361.0,364.0,-0.09265881362833846,-1.197880594976036
antiguedad_direccion_meses,110100.0,119.95924613987285,68.79490130626763,1.0,3.0,13.0,61.0,120.0,179.0,227.0,237.0,239.0,0.0001884226126710022,-1.191288266647916
visitas_web_ultimos_90_dias,110100.0,8.012034514078112,2.8074394098228366,0.0,2.0,4.0,6.0,8.0,10.0,13.0,15.0,26.0,0.3329779970943114,0.11657394239790797
distancia_sucursal_km,110100.0,10.15780525664518,9.198803092868262,0.2125257076334624,1.1777258213674602,2.0001440594759377,4.330854352490474,7.487016853227452,12.717977939583825,27.06431034122721,47.938912128592754,80.0,2.7830089429535385,11.765408718994188
dia_preferido_pago,110100.0,14.529164396003633,8.049897835863744,1.0,1.0,2.0,8.0,15.0,22.0,27.0,28.0,28.0,-0.006851661238905153,-1.1983060849962976
dias_ultima_interaccion,110100.0,190.1593369663942,104.9768396189809,1.0,4.0,21.0,100.0,194.0,282.0,348.0,361.0,364.0,-0.09240476193340666,-1.1968316502247107
