modelo,n_arboles,gini_medio_folds
LightGBM_Regularizado,25,0.25244998619884207
LightGBM_Regularizado,50,0.25112373325086507
LightGBM_Regularizado,75,0.25241954184845267
LightGBM_Regularizado,100,0.2531075045649015
LightGBM_Regularizado,150,0.2532053340342523
LightGBM_Regularizado,200,0.2522762221155145
LightGBM_Regularizado,300,0.24929361801602967
LightGBM_Regularizado,400,0.24737194262229117
LightGBM_Regularizado,600,0.24274066827395885
LightGBM_Regularizado,800,0.2363013704617643
LightGBM_Sin_Regularizar,25,0.25176923365255577
LightGBM_Sin_Regularizar,50,0.24926110156457448
LightGBM_Sin_Regularizar,75,0.2502147359042205
LightGBM_Sin_Regularizar,100,0.2522744458400664
LightGBM_Sin_Regularizar,150,0.251551275899642
LightGBM_Sin_Regularizar,200,0.25148481318765126
LightGBM_Sin_Regularizar,300,0.2500380871007641
LightGBM_Sin_Regularizar,400,0.2465400477866717
LightGBM_Sin_Regularizar,600,0.24119253736610302
LightGBM_Sin_Regularizar,800,0.23587093930200181
LightGBM_Superficial,25,0.2380595851689843
LightGBM_Superficial,50,0.24500420779882015
LightGBM_Superficial,75,0.25013069326774806
LightGBM_Superficial,100,0.2526989489142194
LightGBM_Superficial,150,0.2557607875329213
LightGBM_Superficial,200,0.2567881992526036
LightGBM_Superficial,300,0.2559748016451526
LightGBM_Superficial,400,0.2550814463435315
LightGBM_Superficial,600,0.25441223459222806
LightGBM_Superficial,800,0.25122781395754307
XGBoost,25,0.24748187325531218
XGBoost,50,0.2502838414436311
XGBoost,75,0.24771200850641517
XGBoost,100,0.24760808771815696
XGBoost,150,0.2478204820488612
XGBoost,200,0.24683408491537168
XGBoost,300,0.2418810845188034
XGBoost,400,0.23686751875091527
XGBoost,600,0.23088554078715356
XGBoost,800,0.2221587694425975
CatBoost,25,0.23366249684354112
CatBoost,50,0.24044296484576377
CatBoost,75,0.2456921052255045
CatBoost,100,0.2490743817564749
CatBoost,150,0.2519315054938131
CatBoost,200,0.2522109660615181
CatBoost,300,0.2515610007467664
CatBoost,400,0.24694093488036728
CatBoost,600,0.2403538880280885
CatBoost,800,0.23345621085940188
